CardID,Auth,Cur.BB,CU,Avg.BB,OD,CCAge,CUT,Loc,LocT,ODT,AmtT,Class
11111,111,20000,13,60000,4,125,0,3,0,0,0,0
11112,112,25000,40,55000,20,264,6,4,2,0,9000,0
11113,113,15000,21,45000,3,111,2,10,2,1,15000,0
11114,114,100000,90,60000,29,350,1,11,14,0,8500,0
11115,115,15000,85,61000,17,211,3,3,7,0,12000,1
11116,116,72000,51,60000,19,321,5,9,0,1,12000,0
11117,117,20000,43,40000,12,261,0,6,1,0,0,0
11118,118,23000,31,35000,9,259,4,7,4,0,19000,0
11119,119,12000,29,45000,7,183,1,10,2,0,16000,0
11120,120,35000,189,70000,30,269,5,4,10,1,11000,1
11121,121,77000,31,60000,7,311,2,8,2,0,11000,1
11122,122,50000,31,65000,9,208,0,2,11,0,0,0
11123,123,29000,51,55000,16,291,1,6,12,0,14000,1
11124,124,81000,62,70000,18,196,2,6,3,0,9000,0
11125,125,13000,83,55000,12,138,4,3,1,1,19000,1
11126,126,70000,32,50000,9,173,0,2,12,0,0,0
11127,127,54000,51,75000,9,275,6,9,0,1,7000,0
11128,128,72000,46,40000,12,271,1,7,2,0,19000,1
11129,129,14000,103,30000,22,318,1,11,4,1,22000,1
11130,130,20000,111,61000,29,201,6,5,11,0,14000,0
11131,131,20000,13,60000,4,125,0,3,0,0,0,0
11132,132,25000,40,55000,20,264,6,4,2,0,9000,0
11133,133,15000,21,45000,3,111,2,10,2,1,15000,0
11134,134,100000,90,60000,29,350,1,11,14,0,8500,0
11135,135,15000,85,61000,17,211,3,3,7,0,12000,1
11136,136,72000,51,60000,19,321,5,9,0,1,12000,0
11137,137,20000,43,40000,12,261,0,6,1,0,0,0
11138,138,23000,31,35000,9,259,4,7,4,0,19000,0
11139,139,12000,29,45000,7,183,1,10,2,0,16000,0
11140,140,35000,189,70000,30,269,5,4,10,1,11000,1
11141,141,77000,31,60000,7,311,2,8,2,0,11000,1
11142,142,50000,31,65000,9,208,0,2,11,0,0,0
11143,143,29000,51,55000,16,291,1,6,12,0,14000,1
11144,144,81000,62,70000,18,196,2,6,3,0,9000,0
11145,145,13000,83,55000,12,138,4,3,1,1,19000,1
11146,146,70000,32,50000,9,173,0,2,12,0,0,0
11147,147,54000,51,75000,9,275,6,9,0,1,7000,0
11148,148,72000,46,40000,12,271,1,7,2,0,19000,1
11149,149,14000,103,30000,22,318,1,11,4,1,22000,1
11150,150,20000,111,61000,29,201,6,5,11,0,14000,0
11151,151,20000,13,60000,4,125,0,3,0,0,0,0
11152,152,25000,40,55000,20,264,6,4,2,0,9000,0
11153,153,15000,21,45000,3,111,2,10,2,1,15000,0
11154,154,100000,90,60000,29,350,1,11,14,0,8500,0
11155,155,15000,85,61000,17,211,3,3,7,0,12000,1
11156,156,72000,51,60000,19,321,5,9,0,1,12000,0
11157,157,20000,43,40000,12,261,0,6,1,0,0,0
11158,158,23000,31,35000,9,259,4,7,4,0,19000,0
11159,159,12000,29,45000,7,183,1,10,2,0,16000,0
11160,160,35000,189,70000,30,269,5,4,10,1,11000,1
11161,161,77000,31,60000,7,311,2,8,2,0,11000,1
11162,162,50000,31,65000,9,208,0,2,11,0,0,0
11163,163,29000,51,55000,16,291,1,6,12,0,14000,1
11164,164,81000,62,70000,18,196,2,6,3,0,9000,0
11165,165,13000,83,55000,12,138,4,3,1,1,19000,1
11166,166,70000,32,50000,9,173,0,2,12,0,0,0
11167,167,54000,51,75000,9,275,6,9,0,1,7000,0
11168,168,72000,46,40000,12,271,1,7,2,0,19000,1
11169,169,14000,103,30000,22,318,1,11,4,1,22000,1
11170,170,20000,111,61000,29,201,6,5,11,0,14000,0
11171,171,20000,13,60000,4,125,0,3,0,0,0,0
11172,172,25000,40,55000,20,264,6,4,2,0,9000,0
11173,173,15000,21,45000,3,111,2,10,2,1,15000,0
11174,174,100000,90,60000,29,350,1,11,14,0,8500,0
11175,175,15000,85,61000,17,211,3,3,7,0,12000,1
11176,176,72000,51,60000,19,321,5,9,0,1,12000,0
11177,177,20000,43,40000,12,261,0,6,1,0,0,0
11178,178,23000,31,35000,9,259,4,7,4,0,19000,0
11179,179,12000,29,45000,7,183,1,10,2,0,16000,0
11180,180,35000,189,70000,30,269,5,4,10,1,11000,1
11181,181,77000,31,60000,7,311,2,8,2,0,11000,1
11182,182,50000,31,65000,9,208,0,2,11,0,0,0
11183,183,29000,51,55000,16,291,1,6,12,0,14000,1
11184,184,81000,62,70000,18,196,2,6,3,0,9000,0
11185,185,13000,83,55000,12,138,4,3,1,1,19000,1
11186,186,70000,32,50000,9,173,0,2,12,0,0,0
11187,187,54000,51,75000,9,275,6,9,0,1,7000,0
11188,188,72000,46,40000,12,271,1,7,2,0,19000,1
11189,189,14000,103,30000,22,318,1,11,4,1,22000,1
11190,190,20000,111,61000,29,201,6,5,11,0,14000,0
11191,191,20000,13,60000,4,125,0,3,0,0,0,0
11192,192,25000,40,55000,20,264,6,4,2,0,9000,0
11193,193,15000,21,45000,3,111,2,10,2,1,15000,0
11194,194,100000,90,60000,29,350,1,11,14,0,8500,0
11195,195,15000,85,61000,17,211,3,3,7,0,12000,1
11196,196,72000,51,60000,19,321,5,9,0,1,12000,0
11197,197,20000,43,40000,12,261,0,6,1,0,0,0
11198,198,23000,31,35000,9,259,4,7,4,0,19000,0
11199,199,12000,29,45000,7,183,1,10,2,0,16000,0
11200,200,35000,189,70000,30,269,5,4,10,1,11000,1
11201,201,77000,31,60000,7,311,2,8,2,0,11000,1
11202,202,50000,31,65000,9,208,0,2,11,0,0,0
11203,203,29000,51,55000,16,291,1,6,12,0,14000,1
11204,204,81000,62,70000,18,196,2,6,3,0,9000,0
11205,205,13000,83,55000,12,138,4,3,1,1,19000,1
11206,206,70000,32,50000,9,173,0,2,12,0,0,0
11207,207,54000,51,75000,9,275,6,9,0,1,7000,0
11208,208,72000,46,40000,12,271,1,7,2,0,19000,1
11209,209,14000,103,30000,22,318,1,11,4,1,22000,1
11210,210,20000,111,61000,29,201,6,5,11,0,14000,0
11211,211,20000,13,60000,4,125,0,3,0,0,0,0
11212,212,25000,40,55000,20,264,6,4,2,0,9000,0
11213,213,15000,21,45000,3,111,2,10,2,1,15000,0
11214,214,100000,90,60000,29,350,1,11,14,0,8500,0
11215,215,15000,85,61000,17,211,3,3,7,0,12000,1
11216,216,72000,51,60000,19,321,5,9,0,1,12000,0
11217,217,20000,43,40000,12,261,0,6,1,0,0,0
11218,218,23000,31,35000,9,259,4,7,4,0,19000,0
11219,219,12000,29,45000,7,183,1,10,2,0,16000,0
11220,220,35000,189,70000,30,269,5,4,10,1,11000,1
11221,221,77000,31,60000,7,311,2,8,2,0,11000,1
11222,222,50000,31,65000,9,208,0,2,11,0,0,0
11223,223,29000,51,55000,16,291,1,6,12,0,14000,1
11224,224,81000,62,70000,18,196,2,6,3,0,9000,0
11225,225,13000,83,55000,12,138,4,3,1,1,19000,1
11226,226,70000,32,50000,9,173,0,2,12,0,0,0
11227,227,54000,51,75000,9,275,6,9,0,1,7000,0
11228,228,72000,46,40000,12,271,1,7,2,0,19000,1
11229,229,14000,103,30000,22,318,1,11,4,1,22000,1
11230,230,20000,111,61000,29,201,6,5,11,0,14000,0
11231,231,20000,13,60000,4,125,0,3,0,0,0,0
11232,232,25000,40,55000,20,264,6,4,2,0,9000,0
11233,233,15000,21,45000,3,111,2,10,2,1,15000,0
11234,234,100000,90,60000,29,350,1,11,14,0,8500,0
11235,235,15000,85,61000,17,211,3,3,7,0,12000,1
11236,236,72000,51,60000,19,321,5,9,0,1,12000,0
11237,237,20000,43,40000,12,261,0,6,1,0,0,0
11238,238,23000,31,35000,9,259,4,7,4,0,19000,0
11239,239,12000,29,45000,7,183,1,10,2,0,16000,0
11240,240,35000,189,70000,30,269,5,4,10,1,11000,1
11241,241,77000,31,60000,7,311,2,8,2,0,11000,1
11242,242,50000,31,65000,9,208,0,2,11,0,0,0
11243,243,29000,51,55000,16,291,1,6,12,0,14000,1
11244,244,81000,62,70000,18,196,2,6,3,0,9000,0
11245,245,13000,83,55000,12,138,4,3,1,1,19000,1
11246,246,70000,32,50000,9,173,0,2,12,0,0,0
11247,247,54000,51,75000,9,275,6,9,0,1,7000,0
11248,248,72000,46,40000,12,271,1,7,2,0,19000,1
11249,249,14000,103,30000,22,318,1,11,4,1,22000,1
11250,250,20000,111,61000,29,201,6,5,11,0,14000,0
11251,251,20000,13,60000,4,125,0,3,0,0,0,0
11252,252,25000,40,55000,20,264,6,4,2,0,9000,0
11253,253,15000,21,45000,3,111,2,10,2,1,15000,0
11254,254,100000,90,60000,29,350,1,11,14,0,8500,0
11255,255,15000,85,61000,17,211,3,3,7,0,12000,1
11256,256,72000,51,60000,19,321,5,9,0,1,12000,0
11257,257,20000,43,40000,12,261,0,6,1,0,0,0
11258,258,23000,31,35000,9,259,4,7,4,0,19000,0
11259,259,12000,29,45000,7,183,1,10,2,0,16000,0
11260,260,35000,189,70000,30,269,5,4,10,1,11000,1
11261,261,77000,31,60000,7,311,2,8,2,0,11000,1
11262,262,50000,31,65000,9,208,0,2,11,0,0,0
11263,263,29000,51,55000,16,291,1,6,12,0,14000,1
11264,264,81000,62,70000,18,196,2,6,3,0,9000,0
11265,265,13000,83,55000,12,138,4,3,1,1,19000,1
11266,266,70000,32,50000,9,173,0,2,12,0,0,0
11267,267,54000,51,75000,9,275,6,9,0,1,7000,0
11268,268,72000,46,40000,12,271,1,7,2,0,19000,1
11269,269,14000,103,30000,22,318,1,11,4,1,22000,1
11270,270,20000,111,61000,29,201,6,5,11,0,14000,0
11271,271,20000,13,60000,4,125,0,3,0,0,0,0
11272,272,25000,40,55000,20,264,6,4,2,0,9000,0
11273,273,15000,21,45000,3,111,2,10,2,1,15000,0
11274,274,100000,90,60000,29,350,1,11,14,0,8500,0
11275,275,15000,85,61000,17,211,3,3,7,0,12000,1
11276,276,72000,51,60000,19,321,5,9,0,1,12000,0
11277,277,20000,43,40000,12,261,0,6,1,0,0,0
11278,278,23000,31,35000,9,259,4,7,4,0,19000,0
11279,279,12000,29,45000,7,183,1,10,2,0,16000,0
11280,280,35000,189,70000,30,269,5,4,10,1,11000,1
11281,281,77000,31,60000,7,311,2,8,2,0,11000,1
11282,282,50000,31,65000,9,208,0,2,11,0,0,0
11283,283,29000,51,55000,16,291,1,6,12,0,14000,1
11284,284,81000,62,70000,18,196,2,6,3,0,9000,0
11285,285,13000,83,55000,12,138,4,3,1,1,19000,1
11286,286,70000,32,50000,9,173,0,2,12,0,0,0
11287,287,54000,51,75000,9,275,6,9,0,1,7000,0
11288,288,72000,46,40000,12,271,1,7,2,0,19000,1
11289,289,14000,103,30000,22,318,1,11,4,1,22000,1
11290,290,20000,111,61000,29,201,6,5,11,0,14000,0
11291,291,20000,13,60000,4,125,0,3,0,0,0,0
11292,292,25000,40,55000,20,264,6,4,2,0,9000,0
11293,293,15000,21,45000,3,111,2,10,2,1,15000,0
11294,294,100000,90,60000,29,350,1,11,14,0,8500,0
11295,295,15000,85,61000,17,211,3,3,7,0,12000,1
11296,296,72000,51,60000,19,321,5,9,0,1,12000,0
11297,297,20000,43,40000,12,261,0,6,1,0,0,0
11298,298,23000,31,35000,9,259,4,7,4,0,19000,0
11299,299,12000,29,45000,7,183,1,10,2,0,16000,0
11300,300,35000,189,70000,30,269,5,4,10,1,11000,1
11301,301,77000,31,60000,7,311,2,8,2,0,11000,1
11302,302,50000,31,65000,9,208,0,2,11,0,0,0
11303,303,29000,51,55000,16,291,1,6,12,0,14000,1
11304,304,81000,62,70000,18,196,2,6,3,0,9000,0
11305,305,13000,83,55000,12,138,4,3,1,1,19000,1
11306,306,70000,32,50000,9,173,0,2,12,0,0,0
11307,307,54000,51,75000,9,275,6,9,0,1,7000,0
11308,308,72000,46,40000,12,271,1,7,2,0,19000,1
11309,309,14000,103,30000,22,318,1,11,4,1,22000,1
11310,310,20000,111,61000,29,201,6,5,11,0,14000,0
11311,311,20000,13,60000,4,125,0,3,0,0,0,0
11312,312,25000,40,55000,20,264,6,4,2,0,9000,0
11313,313,15000,21,45000,3,111,2,10,2,1,15000,0
11314,314,100000,90,60000,29,350,1,11,14,0,8500,0
11315,315,15000,85,61000,17,211,3,3,7,0,12000,1
11316,316,72000,51,60000,19,321,5,9,0,1,12000,0
11317,317,20000,43,40000,12,261,0,6,1,0,0,0
11318,318,23000,31,35000,9,259,4,7,4,0,19000,0
11319,319,12000,29,45000,7,183,1,10,2,0,16000,0
11320,320,35000,189,70000,30,269,5,4,10,1,11000,1
11321,321,77000,31,60000,7,311,2,8,2,0,11000,1
11322,322,50000,31,65000,9,208,0,2,11,0,0,0
11323,323,29000,51,55000,16,291,1,6,12,0,14000,1
11324,324,81000,62,70000,18,196,2,6,3,0,9000,0
11325,325,13000,83,55000,12,138,4,3,1,1,19000,1
11326,326,70000,32,50000,9,173,0,2,12,0,0,0
11327,327,54000,51,75000,9,275,6,9,0,1,7000,0
11328,328,72000,46,40000,12,271,1,7,2,0,19000,1
11329,329,14000,103,30000,22,318,1,11,4,1,22000,1
11330,330,20000,111,61000,29,201,6,5,11,0,14000,0
11331,331,20000,13,60000,4,125,0,3,0,0,0,0
11332,332,25000,40,55000,20,264,6,4,2,0,9000,0
11333,333,15000,21,45000,3,111,2,10,2,1,15000,0
11334,334,100000,90,60000,29,350,1,11,14,0,8500,0
11335,335,15000,85,61000,17,211,3,3,7,0,12000,1
11336,336,72000,51,60000,19,321,5,9,0,1,12000,0
11337,337,20000,43,40000,12,261,0,6,1,0,0,0
11338,338,23000,31,35000,9,259,4,7,4,0,19000,0
11339,339,12000,29,45000,7,183,1,10,2,0,16000,0
11340,340,35000,189,70000,30,269,5,4,10,1,11000,1
11341,341,77000,31,60000,7,311,2,8,2,0,11000,1
11342,342,50000,31,65000,9,208,0,2,11,0,0,0
11343,343,29000,51,55000,16,291,1,6,12,0,14000,1
11344,344,81000,62,70000,18,196,2,6,3,0,9000,0
11345,345,13000,83,55000,12,138,4,3,1,1,19000,1
11346,346,70000,32,50000,9,173,0,2,12,0,0,0
11347,347,54000,51,75000,9,275,6,9,0,1,7000,0
11348,348,72000,46,40000,12,271,1,7,2,0,19000,1
11349,349,14000,103,30000,22,318,1,11,4,1,22000,1
11350,350,20000,111,61000,29,201,6,5,11,0,14000,0
11351,351,20000,13,60000,4,125,0,3,0,0,0,0
11352,352,25000,40,55000,20,264,6,4,2,0,9000,0
11353,353,15000,21,45000,3,111,2,10,2,1,15000,0
11354,354,100000,90,60000,29,350,1,11,14,0,8500,0
11355,355,15000,85,61000,17,211,3,3,7,0,12000,1
11356,356,72000,51,60000,19,321,5,9,0,1,12000,0
11357,357,20000,43,40000,12,261,0,6,1,0,0,0
11358,358,23000,31,35000,9,259,4,7,4,0,19000,0
11359,359,12000,29,45000,7,183,1,10,2,0,16000,0
11360,360,35000,189,70000,30,269,5,4,10,1,11000,1
11361,361,77000,31,60000,7,311,2,8,2,0,11000,1
11362,362,50000,31,65000,9,208,0,2,11,0,0,0
11363,363,29000,51,55000,16,291,1,6,12,0,14000,1
11364,364,81000,62,70000,18,196,2,6,3,0,9000,0
11365,365,13000,83,55000,12,138,4,3,1,1,19000,1
11366,366,70000,32,50000,9,173,0,2,12,0,0,0
11367,367,54000,51,75000,9,275,6,9,0,1,7000,0
11368,368,72000,46,40000,12,271,1,7,2,0,19000,1
11369,369,14000,103,30000,22,318,1,11,4,1,22000,1
11370,370,20000,111,61000,29,201,6,5,11,0,14000,0
11371,371,20000,13,60000,4,125,0,3,0,0,0,0
11372,372,25000,40,55000,20,264,6,4,2,0,9000,0
11373,373,15000,21,45000,3,111,2,10,2,1,15000,0
11374,374,100000,90,60000,29,350,1,11,14,0,8500,0
11375,375,15000,85,61000,17,211,3,3,7,0,12000,1
11376,376,72000,51,60000,19,321,5,9,0,1,12000,0
11377,377,20000,43,40000,12,261,0,6,1,0,0,0
11378,378,23000,31,35000,9,259,4,7,4,0,19000,0
11379,379,12000,29,45000,7,183,1,10,2,0,16000,0
11380,380,35000,189,70000,30,269,5,4,10,1,11000,1
11381,381,77000,31,60000,7,311,2,8,2,0,11000,1
11382,382,50000,31,65000,9,208,0,2,11,0,0,0
11383,383,29000,51,55000,16,291,1,6,12,0,14000,1
11384,384,81000,62,70000,18,196,2,6,3,0,9000,0
11385,385,13000,83,55000,12,138,4,3,1,1,19000,1
11386,386,70000,32,50000,9,173,0,2,12,0,0,0
11387,387,54000,51,75000,9,275,6,9,0,1,7000,0
11388,388,72000,46,40000,12,271,1,7,2,0,19000,1
11389,389,14000,103,30000,22,318,1,11,4,1,22000,1
11390,390,20000,111,61000,29,201,6,5,11,0,14000,0
11391,391,20000,13,60000,4,125,0,3,0,0,0,0
11392,392,25000,40,55000,20,264,6,4,2,0,9000,0
11393,393,15000,21,45000,3,111,2,10,2,1,15000,0
11394,394,100000,90,60000,29,350,1,11,14,0,8500,0
11395,395,15000,85,61000,17,211,3,3,7,0,12000,1
11396,396,72000,51,60000,19,321,5,9,0,1,12000,0
11397,397,20000,43,40000,12,261,0,6,1,0,0,0
11398,398,23000,31,35000,9,259,4,7,4,0,19000,0
11399,399,12000,29,45000,7,183,1,10,2,0,16000,0
11400,400,35000,189,70000,30,269,5,4,10,1,11000,1
11401,401,77000,31,60000,7,311,2,8,2,0,11000,1
11402,402,50000,31,65000,9,208,0,2,11,0,0,0
11403,403,29000,51,55000,16,291,1,6,12,0,14000,1
11404,404,81000,62,70000,18,196,2,6,3,0,9000,0
11405,405,13000,83,55000,12,138,4,3,1,1,19000,1
11406,406,70000,32,50000,9,173,0,2,12,0,0,0
11407,407,54000,51,75000,9,275,6,9,0,1,7000,0
11408,408,72000,46,40000,12,271,1,7,2,0,19000,1
11409,409,14000,103,30000,22,318,1,11,4,1,22000,1
11410,410,20000,111,61000,29,201,6,5,11,0,14000,0
11411,411,20000,13,60000,4,125,0,3,0,0,0,0
11412,412,25000,40,55000,20,264,6,4,2,0,9000,0
11413,413,15000,21,45000,3,111,2,10,2,1,15000,0
11414,414,100000,90,60000,29,350,1,11,14,0,8500,0
11415,415,15000,85,61000,17,211,3,3,7,0,12000,1
11416,416,72000,51,60000,19,321,5,9,0,1,12000,0
11417,417,20000,43,40000,12,261,0,6,1,0,0,0
11418,418,23000,31,35000,9,259,4,7,4,0,19000,0
11419,419,12000,29,45000,7,183,1,10,2,0,16000,0
11420,420,35000,189,70000,30,269,5,4,10,1,11000,1
11421,421,77000,31,60000,7,311,2,8,2,0,11000,1
11422,422,50000,31,65000,9,208,0,2,11,0,0,0
11423,423,29000,51,55000,16,291,1,6,12,0,14000,1
11424,424,81000,62,70000,18,196,2,6,3,0,9000,0
11425,425,13000,83,55000,12,138,4,3,1,1,19000,1
11426,426,70000,32,50000,9,173,0,2,12,0,0,0
11427,427,54000,51,75000,9,275,6,9,0,1,7000,0
11428,428,72000,46,40000,12,271,1,7,2,0,19000,1
11429,429,14000,103,30000,22,318,1,11,4,1,22000,1
11430,430,20000,111,61000,29,201,6,5,11,0,14000,0
11431,431,20000,13,60000,4,125,0,3,0,0,0,0
11432,432,25000,40,55000,20,264,6,4,2,0,9000,0
11433,433,15000,21,45000,3,111,2,10,2,1,15000,0
11434,434,100000,90,60000,29,350,1,11,14,0,8500,0
11435,435,15000,85,61000,17,211,3,3,7,0,12000,1
11436,436,72000,51,60000,19,321,5,9,0,1,12000,0
11437,437,20000,43,40000,12,261,0,6,1,0,0,0
11438,438,23000,31,35000,9,259,4,7,4,0,19000,0
11439,439,12000,29,45000,7,183,1,10,2,0,16000,0
11440,440,35000,189,70000,30,269,5,4,10,1,11000,1
11441,441,77000,31,60000,7,311,2,8,2,0,11000,1
11442,442,50000,31,65000,9,208,0,2,11,0,0,0
11443,443,29000,51,55000,16,291,1,6,12,0,14000,1
11444,444,81000,62,70000,18,196,2,6,3,0,9000,0
11445,445,13000,83,55000,12,138,4,3,1,1,19000,1
11446,446,70000,32,50000,9,173,0,2,12,0,0,0
11447,447,54000,51,75000,9,275,6,9,0,1,7000,0
11448,448,72000,46,40000,12,271,1,7,2,0,19000,1
11449,449,14000,103,30000,22,318,1,11,4,1,22000,1
11450,450,20000,111,61000,29,201,6,5,11,0,14000,0
11451,451,20000,13,60000,4,125,0,3,0,0,0,0
11452,452,25000,40,55000,20,264,6,4,2,0,9000,0
11453,453,15000,21,45000,3,111,2,10,2,1,15000,0
11454,454,100000,90,60000,29,350,1,11,14,0,8500,0
11455,455,15000,85,61000,17,211,3,3,7,0,12000,1
11456,456,72000,51,60000,19,321,5,9,0,1,12000,0
11457,457,20000,43,40000,12,261,0,6,1,0,0,0
11458,458,23000,31,35000,9,259,4,7,4,0,19000,0
11459,459,12000,29,45000,7,183,1,10,2,0,16000,0
11460,460,35000,189,70000,30,269,5,4,10,1,11000,1
11461,461,77000,31,60000,7,311,2,8,2,0,11000,1
11462,462,50000,31,65000,9,208,0,2,11,0,0,0
11463,463,29000,51,55000,16,291,1,6,12,0,14000,1
11464,464,81000,62,70000,18,196,2,6,3,0,9000,0
11465,465,13000,83,55000,12,138,4,3,1,1,19000,1
11466,466,70000,32,50000,9,173,0,2,12,0,0,0
11467,467,54000,51,75000,9,275,6,9,0,1,7000,0
11468,468,72000,46,40000,12,271,1,7,2,0,19000,1
11469,469,14000,103,30000,22,318,1,11,4,1,22000,1
11470,470,20000,111,61000,29,201,6,5,11,0,14000,0
11471,471,20000,13,60000,4,125,0,3,0,0,0,0
11472,472,25000,40,55000,20,264,6,4,2,0,9000,0
11473,473,15000,21,45000,3,111,2,10,2,1,15000,0
11474,474,100000,90,60000,29,350,1,11,14,0,8500,0
11475,475,15000,85,61000,17,211,3,3,7,0,12000,1
11476,476,72000,51,60000,19,321,5,9,0,1,12000,0
11477,477,20000,43,40000,12,261,0,6,1,0,0,0
11478,478,23000,31,35000,9,259,4,7,4,0,19000,0
11479,479,12000,29,45000,7,183,1,10,2,0,16000,0
11480,480,35000,189,70000,30,269,5,4,10,1,11000,1
11481,481,77000,31,60000,7,311,2,8,2,0,11000,1
11482,482,50000,31,65000,9,208,0,2,11,0,0,0
11483,483,29000,51,55000,16,291,1,6,12,0,14000,1
11484,484,81000,62,70000,18,196,2,6,3,0,9000,0
11485,485,13000,83,55000,12,138,4,3,1,1,19000,1
11486,486,70000,32,50000,9,173,0,2,12,0,0,0
11487,487,54000,51,75000,9,275,6,9,0,1,7000,0
11488,488,72000,46,40000,12,271,1,7,2,0,19000,1
11489,489,14000,103,30000,22,318,1,11,4,1,22000,1
11490,490,20000,111,61000,29,201,6,5,11,0,14000,0
11491,491,20000,13,60000,4,125,0,3,0,0,0,0
11492,492,25000,40,55000,20,264,6,4,2,0,9000,0
11493,493,15000,21,45000,3,111,2,10,2,1,15000,0
11494,494,100000,90,60000,29,350,1,11,14,0,8500,0
11495,495,15000,85,61000,17,211,3,3,7,0,12000,1
11496,496,72000,51,60000,19,321,5,9,0,1,12000,0
11497,497,20000,43,40000,12,261,0,6,1,0,0,0
11498,498,23000,31,35000,9,259,4,7,4,0,19000,0
11499,499,12000,29,45000,7,183,1,10,2,0,16000,0
11500,500,35000,189,70000,30,269,5,4,10,1,11000,1
11501,501,77000,31,60000,7,311,2,8,2,0,11000,1
11502,502,50000,31,65000,9,208,0,2,11,0,0,0
11503,503,29000,51,55000,16,291,1,6,12,0,14000,1
11504,504,81000,62,70000,18,196,2,6,3,0,9000,0
11505,505,13000,83,55000,12,138,4,3,1,1,19000,1
11506,506,70000,32,50000,9,173,0,2,12,0,0,0
11507,507,54000,51,75000,9,275,6,9,0,1,7000,0
11508,508,72000,46,40000,12,271,1,7,2,0,19000,1
11509,509,14000,103,30000,22,318,1,11,4,1,22000,1
11510,510,20000,111,61000,29,201,6,5,11,0,14000,0
11511,511,20000,13,60000,4,125,0,3,0,0,0,0
11512,512,25000,40,55000,20,264,6,4,2,0,9000,0
11513,513,15000,21,45000,3,111,2,10,2,1,15000,0
11514,514,100000,90,60000,29,350,1,11,14,0,8500,0
11515,515,15000,85,61000,17,211,3,3,7,0,12000,1
11516,516,72000,51,60000,19,321,5,9,0,1,12000,0
11517,517,20000,43,40000,12,261,0,6,1,0,0,0
11518,518,23000,31,35000,9,259,4,7,4,0,19000,0
11519,519,12000,29,45000,7,183,1,10,2,0,16000,0
11520,520,35000,189,70000,30,269,5,4,10,1,11000,1
11521,521,77000,31,60000,7,311,2,8,2,0,11000,1
11522,522,50000,31,65000,9,208,0,2,11,0,0,0
11523,523,29000,51,55000,16,291,1,6,12,0,14000,1
11524,524,81000,62,70000,18,196,2,6,3,0,9000,0
11525,525,13000,83,55000,12,138,4,3,1,1,19000,1
11526,526,70000,32,50000,9,173,0,2,12,0,0,0
11527,527,54000,51,75000,9,275,6,9,0,1,7000,0
11528,528,72000,46,40000,12,271,1,7,2,0,19000,1
11529,529,14000,103,30000,22,318,1,11,4,1,22000,1
11530,530,20000,111,61000,29,201,6,5,11,0,14000,0
11531,531,20000,13,60000,4,125,0,3,0,0,0,0
11532,532,25000,40,55000,20,264,6,4,2,0,9000,0
11533,533,15000,21,45000,3,111,2,10,2,1,15000,0
11534,534,100000,90,60000,29,350,1,11,14,0,8500,0
11535,535,15000,85,61000,17,211,3,3,7,0,12000,1
11536,536,72000,51,60000,19,321,5,9,0,1,12000,0
11537,537,20000,43,40000,12,261,0,6,1,0,0,0
11538,538,23000,31,35000,9,259,4,7,4,0,19000,0
11539,539,12000,29,45000,7,183,1,10,2,0,16000,0
11540,540,35000,189,70000,30,269,5,4,10,1,11000,1
11541,541,77000,31,60000,7,311,2,8,2,0,11000,1
11542,542,50000,31,65000,9,208,0,2,11,0,0,0
11543,543,29000,51,55000,16,291,1,6,12,0,14000,1
11544,544,81000,62,70000,18,196,2,6,3,0,9000,0
11545,545,13000,83,55000,12,138,4,3,1,1,19000,1
11546,546,70000,32,50000,9,173,0,2,12,0,0,0
11547,547,54000,51,75000,9,275,6,9,0,1,7000,0
11548,548,72000,46,40000,12,271,1,7,2,0,19000,1
11549,549,14000,103,30000,22,318,1,11,4,1,22000,1
11550,550,20000,111,61000,29,201,6,5,11,0,14000,0
11551,551,20000,13,60000,4,125,0,3,0,0,0,0
11552,552,25000,40,55000,20,264,6,4,2,0,9000,0
11553,553,15000,21,45000,3,111,2,10,2,1,15000,0
11554,554,100000,90,60000,29,350,1,11,14,0,8500,0
11555,555,15000,85,61000,17,211,3,3,7,0,12000,1
11556,556,72000,51,60000,19,321,5,9,0,1,12000,0
11557,557,20000,43,40000,12,261,0,6,1,0,0,0
11558,558,23000,31,35000,9,259,4,7,4,0,19000,0
11559,559,12000,29,45000,7,183,1,10,2,0,16000,0
11560,560,35000,189,70000,30,269,5,4,10,1,11000,1
11561,561,77000,31,60000,7,311,2,8,2,0,11000,1
11562,562,50000,31,65000,9,208,0,2,11,0,0,0
11563,563,29000,51,55000,16,291,1,6,12,0,14000,1
11564,564,81000,62,70000,18,196,2,6,3,0,9000,0
11565,565,13000,83,55000,12,138,4,3,1,1,19000,1
11566,566,70000,32,50000,9,173,0,2,12,0,0,0
11567,567,54000,51,75000,9,275,6,9,0,1,7000,0
11568,568,72000,46,40000,12,271,1,7,2,0,19000,1
11569,569,14000,103,30000,22,318,1,11,4,1,22000,1
11570,570,20000,111,61000,29,201,6,5,11,0,14000,0
11571,571,20000,13,60000,4,125,0,3,0,0,0,0
11572,572,25000,40,55000,20,264,6,4,2,0,9000,0
11573,573,15000,21,45000,3,111,2,10,2,1,15000,0
11574,574,100000,90,60000,29,350,1,11,14,0,8500,0
11575,575,15000,85,61000,17,211,3,3,7,0,12000,1
11576,576,72000,51,60000,19,321,5,9,0,1,12000,0
11577,577,20000,43,40000,12,261,0,6,1,0,0,0
11578,578,23000,31,35000,9,259,4,7,4,0,19000,0
11579,579,12000,29,45000,7,183,1,10,2,0,16000,0
11580,580,35000,189,70000,30,269,5,4,10,1,11000,1
11581,581,77000,31,60000,7,311,2,8,2,0,11000,1
11582,582,50000,31,65000,9,208,0,2,11,0,0,0
11583,583,29000,51,55000,16,291,1,6,12,0,14000,1
11584,584,81000,62,70000,18,196,2,6,3,0,9000,0
11585,585,13000,83,55000,12,138,4,3,1,1,19000,1
11586,586,70000,32,50000,9,173,0,2,12,0,0,0
11587,587,54000,51,75000,9,275,6,9,0,1,7000,0
11588,588,72000,46,40000,12,271,1,7,2,0,19000,1
11589,589,14000,103,30000,22,318,1,11,4,1,22000,1
11590,590,20000,111,61000,29,201,6,5,11,0,14000,0
11591,591,20000,13,60000,4,125,0,3,0,0,0,0
11592,592,25000,40,55000,20,264,6,4,2,0,9000,0
11593,593,15000,21,45000,3,111,2,10,2,1,15000,0
11594,594,100000,90,60000,29,350,1,11,14,0,8500,0
11595,595,15000,85,61000,17,211,3,3,7,0,12000,1
11596,596,72000,51,60000,19,321,5,9,0,1,12000,0
11597,597,20000,43,40000,12,261,0,6,1,0,0,0
11598,598,23000,31,35000,9,259,4,7,4,0,19000,0
11599,599,12000,29,45000,7,183,1,10,2,0,16000,0
11600,600,35000,189,70000,30,269,5,4,10,1,11000,1
11601,601,77000,31,60000,7,311,2,8,2,0,11000,1
11602,602,50000,31,65000,9,208,0,2,11,0,0,0
11603,603,29000,51,55000,16,291,1,6,12,0,14000,1
11604,604,81000,62,70000,18,196,2,6,3,0,9000,0
11605,605,13000,83,55000,12,138,4,3,1,1,19000,1
11606,606,70000,32,50000,9,173,0,2,12,0,0,0
11607,607,54000,51,75000,9,275,6,9,0,1,7000,0
11608,608,72000,46,40000,12,271,1,7,2,0,19000,1
11609,609,14000,103,30000,22,318,1,11,4,1,22000,1
11610,610,20000,111,61000,29,201,6,5,11,0,14000,0
11611,611,20000,13,60000,4,125,0,3,0,0,0,0
11612,612,25000,40,55000,20,264,6,4,2,0,9000,0
11613,613,15000,21,45000,3,111,2,10,2,1,15000,0
11614,614,100000,90,60000,29,350,1,11,14,0,8500,0
11615,615,15000,85,61000,17,211,3,3,7,0,12000,1
11616,616,72000,51,60000,19,321,5,9,0,1,12000,0
11617,617,20000,43,40000,12,261,0,6,1,0,0,0
11618,618,23000,31,35000,9,259,4,7,4,0,19000,0
11619,619,12000,29,45000,7,183,1,10,2,0,16000,0
11620,620,35000,189,70000,30,269,5,4,10,1,11000,1
11621,621,77000,31,60000,7,311,2,8,2,0,11000,1
11622,622,50000,31,65000,9,208,0,2,11,0,0,0
11623,623,29000,51,55000,16,291,1,6,12,0,14000,1
11624,624,81000,62,70000,18,196,2,6,3,0,9000,0
11625,625,13000,83,55000,12,138,4,3,1,1,19000,1
11626,626,70000,32,50000,9,173,0,2,12,0,0,0
11627,627,54000,51,75000,9,275,6,9,0,1,7000,0
11628,628,72000,46,40000,12,271,1,7,2,0,19000,1
11629,629,14000,103,30000,22,318,1,11,4,1,22000,1
11630,630,20000,111,61000,29,201,6,5,11,0,14000,0
11631,631,20000,13,60000,4,125,0,3,0,0,0,0
11632,632,25000,40,55000,20,264,6,4,2,0,9000,0
11633,633,15000,21,45000,3,111,2,10,2,1,15000,0
11634,634,100000,90,60000,29,350,1,11,14,0,8500,0
11635,635,15000,85,61000,17,211,3,3,7,0,12000,1
11636,636,72000,51,60000,19,321,5,9,0,1,12000,0
11637,637,20000,43,40000,12,261,0,6,1,0,0,0
11638,638,23000,31,35000,9,259,4,7,4,0,19000,0
11639,639,12000,29,45000,7,183,1,10,2,0,16000,0
11640,640,35000,189,70000,30,269,5,4,10,1,11000,1
11641,641,77000,31,60000,7,311,2,8,2,0,11000,1
11642,642,50000,31,65000,9,208,0,2,11,0,0,0
11643,643,29000,51,55000,16,291,1,6,12,0,14000,1
11644,644,81000,62,70000,18,196,2,6,3,0,9000,0
11645,645,13000,83,55000,12,138,4,3,1,1,19000,1
11646,646,70000,32,50000,9,173,0,2,12,0,0,0
11647,647,54000,51,75000,9,275,6,9,0,1,7000,0
11648,648,72000,46,40000,12,271,1,7,2,0,19000,1
11649,649,14000,103,30000,22,318,1,11,4,1,22000,1
11650,650,20000,111,61000,29,201,6,5,11,0,14000,0
11651,651,20000,13,60000,4,125,0,3,0,0,0,0
11652,652,25000,40,55000,20,264,6,4,2,0,9000,0
11653,653,15000,21,45000,3,111,2,10,2,1,15000,0
11654,654,100000,90,60000,29,350,1,11,14,0,8500,0
11655,655,15000,85,61000,17,211,3,3,7,0,12000,1
11656,656,72000,51,60000,19,321,5,9,0,1,12000,0
11657,657,20000,43,40000,12,261,0,6,1,0,0,0
11658,658,23000,31,35000,9,259,4,7,4,0,19000,0
11659,659,12000,29,45000,7,183,1,10,2,0,16000,0
11660,660,35000,189,70000,30,269,5,4,10,1,11000,1
11661,661,77000,31,60000,7,311,2,8,2,0,11000,1
11662,662,50000,31,65000,9,208,0,2,11,0,0,0
11663,663,29000,51,55000,16,291,1,6,12,0,14000,1
11664,664,81000,62,70000,18,196,2,6,3,0,9000,0
11665,665,13000,83,55000,12,138,4,3,1,1,19000,1
11666,666,70000,32,50000,9,173,0,2,12,0,0,0
11667,667,54000,51,75000,9,275,6,9,0,1,7000,0
11668,668,72000,46,40000,12,271,1,7,2,0,19000,1
11669,669,14000,103,30000,22,318,1,11,4,1,22000,1
11670,670,20000,111,61000,29,201,6,5,11,0,14000,0
11671,671,20000,13,60000,4,125,0,3,0,0,0,0
11672,672,25000,40,55000,20,264,6,4,2,0,9000,0
11673,673,15000,21,45000,3,111,2,10,2,1,15000,0
11674,674,100000,90,60000,29,350,1,11,14,0,8500,0
11675,675,15000,85,61000,17,211,3,3,7,0,12000,1
11676,676,72000,51,60000,19,321,5,9,0,1,12000,0
11677,677,20000,43,40000,12,261,0,6,1,0,0,0
11678,678,23000,31,35000,9,259,4,7,4,0,19000,0
11679,679,12000,29,45000,7,183,1,10,2,0,16000,0
11680,680,35000,189,70000,30,269,5,4,10,1,11000,1
11681,681,77000,31,60000,7,311,2,8,2,0,11000,1
11682,682,50000,31,65000,9,208,0,2,11,0,0,0
11683,683,29000,51,55000,16,291,1,6,12,0,14000,1
11684,684,81000,62,70000,18,196,2,6,3,0,9000,0
11685,685,13000,83,55000,12,138,4,3,1,1,19000,1
11686,686,70000,32,50000,9,173,0,2,12,0,0,0
11687,687,54000,51,75000,9,275,6,9,0,1,7000,0
11688,688,72000,46,40000,12,271,1,7,2,0,19000,1
11689,689,14000,103,30000,22,318,1,11,4,1,22000,1
11690,690,20000,111,61000,29,201,6,5,11,0,14000,0
11691,691,20000,13,60000,4,125,0,3,0,0,0,0
11692,692,25000,40,55000,20,264,6,4,2,0,9000,0
11693,693,15000,21,45000,3,111,2,10,2,1,15000,0
11694,694,100000,90,60000,29,350,1,11,14,0,8500,0
11695,695,15000,85,61000,17,211,3,3,7,0,12000,1
11696,696,72000,51,60000,19,321,5,9,0,1,12000,0
11697,697,20000,43,40000,12,261,0,6,1,0,0,0
11698,698,23000,31,35000,9,259,4,7,4,0,19000,0
11699,699,12000,29,45000,7,183,1,10,2,0,16000,0
11700,700,35000,189,70000,30,269,5,4,10,1,11000,1
11701,701,77000,31,60000,7,311,2,8,2,0,11000,1
11702,702,50000,31,65000,9,208,0,2,11,0,0,0
11703,703,29000,51,55000,16,291,1,6,12,0,14000,1
11704,704,81000,62,70000,18,196,2,6,3,0,9000,0
11705,705,13000,83,55000,12,138,4,3,1,1,19000,1
11706,706,70000,32,50000,9,173,0,2,12,0,0,0
11707,707,54000,51,75000,9,275,6,9,0,1,7000,0
11708,708,72000,46,40000,12,271,1,7,2,0,19000,1
11709,709,14000,103,30000,22,318,1,11,4,1,22000,1
11710,710,20000,111,61000,29,201,6,5,11,0,14000,0
11711,711,20000,13,60000,4,125,0,3,0,0,0,0
11712,712,25000,40,55000,20,264,6,4,2,0,9000,0
11713,713,15000,21,45000,3,111,2,10,2,1,15000,0
11714,714,100000,90,60000,29,350,1,11,14,0,8500,0
11715,715,15000,85,61000,17,211,3,3,7,0,12000,1
11716,716,72000,51,60000,19,321,5,9,0,1,12000,0
11717,717,20000,43,40000,12,261,0,6,1,0,0,0
11718,718,23000,31,35000,9,259,4,7,4,0,19000,0
11719,719,12000,29,45000,7,183,1,10,2,0,16000,0
11720,720,35000,189,70000,30,269,5,4,10,1,11000,1
11721,721,77000,31,60000,7,311,2,8,2,0,11000,1
11722,722,50000,31,65000,9,208,0,2,11,0,0,0
11723,723,29000,51,55000,16,291,1,6,12,0,14000,1
11724,724,81000,62,70000,18,196,2,6,3,0,9000,0
11725,725,13000,83,55000,12,138,4,3,1,1,19000,1
11726,726,70000,32,50000,9,173,0,2,12,0,0,0
11727,727,54000,51,75000,9,275,6,9,0,1,7000,0
11728,728,72000,46,40000,12,271,1,7,2,0,19000,1
11729,729,14000,103,30000,22,318,1,11,4,1,22000,1
11730,730,20000,111,61000,29,201,6,5,11,0,14000,0
11731,731,20000,13,60000,4,125,0,3,0,0,0,0
11732,732,25000,40,55000,20,264,6,4,2,0,9000,0
11733,733,15000,21,45000,3,111,2,10,2,1,15000,0
11734,734,100000,90,60000,29,350,1,11,14,0,8500,0
11735,735,15000,85,61000,17,211,3,3,7,0,12000,1
11736,736,72000,51,60000,19,321,5,9,0,1,12000,0
11737,737,20000,43,40000,12,261,0,6,1,0,0,0
11738,738,23000,31,35000,9,259,4,7,4,0,19000,0
11739,739,12000,29,45000,7,183,1,10,2,0,16000,0
11740,740,35000,189,70000,30,269,5,4,10,1,11000,1
11741,741,77000,31,60000,7,311,2,8,2,0,11000,1
11742,742,50000,31,65000,9,208,0,2,11,0,0,0
11743,743,29000,51,55000,16,291,1,6,12,0,14000,1
11744,744,81000,62,70000,18,196,2,6,3,0,9000,0
11745,745,13000,83,55000,12,138,4,3,1,1,19000,1
11746,746,70000,32,50000,9,173,0,2,12,0,0,0
11747,747,54000,51,75000,9,275,6,9,0,1,7000,0
11748,748,72000,46,40000,12,271,1,7,2,0,19000,1
11749,749,14000,103,30000,22,318,1,11,4,1,22000,1
11750,750,20000,111,61000,29,201,6,5,11,0,14000,0
11751,751,20000,13,60000,4,125,0,3,0,0,0,0
11752,752,25000,40,55000,20,264,6,4,2,0,9000,0
11753,753,15000,21,45000,3,111,2,10,2,1,15000,0
11754,754,100000,90,60000,29,350,1,11,14,0,8500,0
11755,755,15000,85,61000,17,211,3,3,7,0,12000,1
11756,756,72000,51,60000,19,321,5,9,0,1,12000,0
11757,757,20000,43,40000,12,261,0,6,1,0,0,0
11758,758,23000,31,35000,9,259,4,7,4,0,19000,0
11759,759,12000,29,45000,7,183,1,10,2,0,16000,0
11760,760,35000,189,70000,30,269,5,4,10,1,11000,1
11761,761,77000,31,60000,7,311,2,8,2,0,11000,1
11762,762,50000,31,65000,9,208,0,2,11,0,0,0
11763,763,29000,51,55000,16,291,1,6,12,0,14000,1
11764,764,81000,62,70000,18,196,2,6,3,0,9000,0
11765,765,13000,83,55000,12,138,4,3,1,1,19000,1
11766,766,70000,32,50000,9,173,0,2,12,0,0,0
11767,767,54000,51,75000,9,275,6,9,0,1,7000,0
11768,768,72000,46,40000,12,271,1,7,2,0,19000,1
11769,769,14000,103,30000,22,318,1,11,4,1,22000,1
11770,770,20000,111,61000,29,201,6,5,11,0,14000,0
11771,771,20000,13,60000,4,125,0,3,0,0,0,0
11772,772,25000,40,55000,20,264,6,4,2,0,9000,0
11773,773,15000,21,45000,3,111,2,10,2,1,15000,0
11774,774,100000,90,60000,29,350,1,11,14,0,8500,0
11775,775,15000,85,61000,17,211,3,3,7,0,12000,1
11776,776,72000,51,60000,19,321,5,9,0,1,12000,0
11777,777,20000,43,40000,12,261,0,6,1,0,0,0
11778,778,23000,31,35000,9,259,4,7,4,0,19000,0
11779,779,12000,29,45000,7,183,1,10,2,0,16000,0
11780,780,35000,189,70000,30,269,5,4,10,1,11000,1
11781,781,77000,31,60000,7,311,2,8,2,0,11000,1
11782,782,50000,31,65000,9,208,0,2,11,0,0,0
11783,783,29000,51,55000,16,291,1,6,12,0,14000,1
11784,784,81000,62,70000,18,196,2,6,3,0,9000,0
11785,785,13000,83,55000,12,138,4,3,1,1,19000,1
11786,786,70000,32,50000,9,173,0,2,12,0,0,0
11787,787,54000,51,75000,9,275,6,9,0,1,7000,0
11788,788,72000,46,40000,12,271,1,7,2,0,19000,1
11789,789,14000,103,30000,22,318,1,11,4,1,22000,1
11790,790,20000,111,61000,29,201,6,5,11,0,14000,0
11791,791,20000,13,60000,4,125,0,3,0,0,0,0
11792,792,25000,40,55000,20,264,6,4,2,0,9000,0
11793,793,15000,21,45000,3,111,2,10,2,1,15000,0
11794,794,100000,90,60000,29,350,1,11,14,0,8500,0
11795,795,15000,85,61000,17,211,3,3,7,0,12000,1
11796,796,72000,51,60000,19,321,5,9,0,1,12000,0
11797,797,20000,43,40000,12,261,0,6,1,0,0,0
11798,798,23000,31,35000,9,259,4,7,4,0,19000,0
11799,799,12000,29,45000,7,183,1,10,2,0,16000,0
11800,800,35000,189,70000,30,269,5,4,10,1,11000,1
11801,801,77000,31,60000,7,311,2,8,2,0,11000,1
11802,802,50000,31,65000,9,208,0,2,11,0,0,0
11803,803,29000,51,55000,16,291,1,6,12,0,14000,1
11804,804,81000,62,70000,18,196,2,6,3,0,9000,0
11805,805,13000,83,55000,12,138,4,3,1,1,19000,1
11806,806,70000,32,50000,9,173,0,2,12,0,0,0
11807,807,54000,51,75000,9,275,6,9,0,1,7000,0
11808,808,72000,46,40000,12,271,1,7,2,0,19000,1
11809,809,14000,103,30000,22,318,1,11,4,1,22000,1
11810,810,20000,111,61000,29,201,6,5,11,0,14000,0
11811,811,20000,13,60000,4,125,0,3,0,0,0,0
11812,812,25000,40,55000,20,264,6,4,2,0,9000,0
11813,813,15000,21,45000,3,111,2,10,2,1,15000,0
11814,814,100000,90,60000,29,350,1,11,14,0,8500,0
11815,815,15000,85,61000,17,211,3,3,7,0,12000,1
11816,816,72000,51,60000,19,321,5,9,0,1,12000,0
11817,817,20000,43,40000,12,261,0,6,1,0,0,0
11818,818,23000,31,35000,9,259,4,7,4,0,19000,0
11819,819,12000,29,45000,7,183,1,10,2,0,16000,0
11820,820,35000,189,70000,30,269,5,4,10,1,11000,1
11821,821,77000,31,60000,7,311,2,8,2,0,11000,1
11822,822,50000,31,65000,9,208,0,2,11,0,0,0
11823,823,29000,51,55000,16,291,1,6,12,0,14000,1
11824,824,81000,62,70000,18,196,2,6,3,0,9000,0
11825,825,13000,83,55000,12,138,4,3,1,1,19000,1
11826,826,70000,32,50000,9,173,0,2,12,0,0,0
11827,827,54000,51,75000,9,275,6,9,0,1,7000,0
11828,828,72000,46,40000,12,271,1,7,2,0,19000,1
11829,829,14000,103,30000,22,318,1,11,4,1,22000,1
11830,830,20000,111,61000,29,201,6,5,11,0,14000,0
11831,831,20000,13,60000,4,125,0,3,0,0,0,0
11832,832,25000,40,55000,20,264,6,4,2,0,9000,0
11833,833,15000,21,45000,3,111,2,10,2,1,15000,0
11834,834,100000,90,60000,29,350,1,11,14,0,8500,0
11835,835,15000,85,61000,17,211,3,3,7,0,12000,1
11836,836,72000,51,60000,19,321,5,9,0,1,12000,0
11837,837,20000,43,40000,12,261,0,6,1,0,0,0
11838,838,23000,31,35000,9,259,4,7,4,0,19000,0
11839,839,12000,29,45000,7,183,1,10,2,0,16000,0
11840,840,35000,189,70000,30,269,5,4,10,1,11000,1
11841,841,77000,31,60000,7,311,2,8,2,0,11000,1
11842,842,50000,31,65000,9,208,0,2,11,0,0,0
11843,843,29000,51,55000,16,291,1,6,12,0,14000,1
11844,844,81000,62,70000,18,196,2,6,3,0,9000,0
11845,845,13000,83,55000,12,138,4,3,1,1,19000,1
11846,846,70000,32,50000,9,173,0,2,12,0,0,0
11847,847,54000,51,75000,9,275,6,9,0,1,7000,0
11848,848,72000,46,40000,12,271,1,7,2,0,19000,1
11849,849,14000,103,30000,22,318,1,11,4,1,22000,1
11850,850,20000,111,61000,29,201,6,5,11,0,14000,0
11851,851,20000,13,60000,4,125,0,3,0,0,0,0
11852,852,25000,40,55000,20,264,6,4,2,0,9000,0
11853,853,15000,21,45000,3,111,2,10,2,1,15000,0
11854,854,100000,90,60000,29,350,1,11,14,0,8500,0
11855,855,15000,85,61000,17,211,3,3,7,0,12000,1
11856,856,72000,51,60000,19,321,5,9,0,1,12000,0
11857,857,20000,43,40000,12,261,0,6,1,0,0,0
11858,858,23000,31,35000,9,259,4,7,4,0,19000,0
11859,859,12000,29,45000,7,183,1,10,2,0,16000,0
11860,860,35000,189,70000,30,269,5,4,10,1,11000,1
11861,861,77000,31,60000,7,311,2,8,2,0,11000,1
11862,862,50000,31,65000,9,208,0,2,11,0,0,0
11863,863,29000,51,55000,16,291,1,6,12,0,14000,1
11864,864,81000,62,70000,18,196,2,6,3,0,9000,0
11865,865,13000,83,55000,12,138,4,3,1,1,19000,1
11866,866,70000,32,50000,9,173,0,2,12,0,0,0
11867,867,54000,51,75000,9,275,6,9,0,1,7000,0
11868,868,72000,46,40000,12,271,1,7,2,0,19000,1
11869,869,14000,103,30000,22,318,1,11,4,1,22000,1
11870,870,20000,111,61000,29,201,6,5,11,0,14000,0
11871,871,20000,13,60000,4,125,0,3,0,0,0,0
11872,872,25000,40,55000,20,264,6,4,2,0,9000,0
11873,873,15000,21,45000,3,111,2,10,2,1,15000,0
11874,874,100000,90,60000,29,350,1,11,14,0,8500,0
11875,875,15000,85,61000,17,211,3,3,7,0,12000,1
11876,876,72000,51,60000,19,321,5,9,0,1,12000,0
11877,877,20000,43,40000,12,261,0,6,1,0,0,0
11878,878,23000,31,35000,9,259,4,7,4,0,19000,0
11879,879,12000,29,45000,7,183,1,10,2,0,16000,0
11880,880,35000,189,70000,30,269,5,4,10,1,11000,1
11881,881,77000,31,60000,7,311,2,8,2,0,11000,1
11882,882,50000,31,65000,9,208,0,2,11,0,0,0
11883,883,29000,51,55000,16,291,1,6,12,0,14000,1
11884,884,81000,62,70000,18,196,2,6,3,0,9000,0
11885,885,13000,83,55000,12,138,4,3,1,1,19000,1
11886,886,70000,32,50000,9,173,0,2,12,0,0,0
11887,887,54000,51,75000,9,275,6,9,0,1,7000,0
11888,888,72000,46,40000,12,271,1,7,2,0,19000,1
11889,889,14000,103,30000,22,318,1,11,4,1,22000,1
11890,890,20000,111,61000,29,201,6,5,11,0,14000,0
11891,891,20000,13,60000,4,125,0,3,0,0,0,0
11892,892,25000,40,55000,20,264,6,4,2,0,9000,0
11893,893,15000,21,45000,3,111,2,10,2,1,15000,0
11894,894,100000,90,60000,29,350,1,11,14,0,8500,0
11895,895,15000,85,61000,17,211,3,3,7,0,12000,1
11896,896,72000,51,60000,19,321,5,9,0,1,12000,0
11897,897,20000,43,40000,12,261,0,6,1,0,0,0
11898,898,23000,31,35000,9,259,4,7,4,0,19000,0
11899,899,12000,29,45000,7,183,1,10,2,0,16000,0
11900,900,35000,189,70000,30,269,5,4,10,1,11000,1
11901,901,77000,31,60000,7,311,2,8,2,0,11000,1
11902,902,50000,31,65000,9,208,0,2,11,0,0,0
11903,903,29000,51,55000,16,291,1,6,12,0,14000,1
11904,904,81000,62,70000,18,196,2,6,3,0,9000,0
11905,905,13000,83,55000,12,138,4,3,1,1,19000,1
11906,906,70000,32,50000,9,173,0,2,12,0,0,0
11907,907,54000,51,75000,9,275,6,9,0,1,7000,0
11908,908,72000,46,40000,12,271,1,7,2,0,19000,1
11909,909,14000,103,30000,22,318,1,11,4,1,22000,1
11910,910,20000,111,61000,29,201,6,5,11,0,14000,0
11911,911,20000,13,60000,4,125,0,3,0,0,0,0
11912,912,25000,40,55000,20,264,6,4,2,0,9000,0
11913,913,15000,21,45000,3,111,2,10,2,1,15000,0
11914,914,100000,90,60000,29,350,1,11,14,0,8500,0
11915,915,15000,85,61000,17,211,3,3,7,0,12000,1
11916,916,72000,51,60000,19,321,5,9,0,1,12000,0
11917,917,20000,43,40000,12,261,0,6,1,0,0,0
11918,918,23000,31,35000,9,259,4,7,4,0,19000,0
11919,919,12000,29,45000,7,183,1,10,2,0,16000,0
11920,920,35000,189,70000,30,269,5,4,10,1,11000,1
11921,921,77000,31,60000,7,311,2,8,2,0,11000,1
11922,922,50000,31,65000,9,208,0,2,11,0,0,0
11923,923,29000,51,55000,16,291,1,6,12,0,14000,1
11924,924,81000,62,70000,18,196,2,6,3,0,9000,0
11925,925,13000,83,55000,12,138,4,3,1,1,19000,1
11926,926,70000,32,50000,9,173,0,2,12,0,0,0
11927,927,54000,51,75000,9,275,6,9,0,1,7000,0
11928,928,72000,46,40000,12,271,1,7,2,0,19000,1
11929,929,14000,103,30000,22,318,1,11,4,1,22000,1
11930,930,20000,111,61000,29,201,6,5,11,0,14000,0
11931,931,20000,13,60000,4,125,0,3,0,0,0,0
11932,932,25000,40,55000,20,264,6,4,2,0,9000,0
11933,933,15000,21,45000,3,111,2,10,2,1,15000,0
11934,934,100000,90,60000,29,350,1,11,14,0,8500,0
11935,935,15000,85,61000,17,211,3,3,7,0,12000,1
11936,936,72000,51,60000,19,321,5,9,0,1,12000,0
11937,937,20000,43,40000,12,261,0,6,1,0,0,0
11938,938,23000,31,35000,9,259,4,7,4,0,19000,0
11939,939,12000,29,45000,7,183,1,10,2,0,16000,0
11940,940,35000,189,70000,30,269,5,4,10,1,11000,1
11941,941,77000,31,60000,7,311,2,8,2,0,11000,1
11942,942,50000,31,65000,9,208,0,2,11,0,0,0
11943,943,29000,51,55000,16,291,1,6,12,0,14000,1
11944,944,81000,62,70000,18,196,2,6,3,0,9000,0
11945,945,13000,83,55000,12,138,4,3,1,1,19000,1
11946,946,70000,32,50000,9,173,0,2,12,0,0,0
11947,947,54000,51,75000,9,275,6,9,0,1,7000,0
11948,948,72000,46,40000,12,271,1,7,2,0,19000,1
11949,949,14000,103,30000,22,318,1,11,4,1,22000,1
11950,950,20000,111,61000,29,201,6,5,11,0,14000,0
11951,951,20000,13,60000,4,125,0,3,0,0,0,0
11952,952,25000,40,55000,20,264,6,4,2,0,9000,0
11953,953,15000,21,45000,3,111,2,10,2,1,15000,0
11954,954,100000,90,60000,29,350,1,11,14,0,8500,0
11955,955,15000,85,61000,17,211,3,3,7,0,12000,1
11956,956,72000,51,60000,19,321,5,9,0,1,12000,0
11957,957,20000,43,40000,12,261,0,6,1,0,0,0
11958,958,23000,31,35000,9,259,4,7,4,0,19000,0
11959,959,12000,29,45000,7,183,1,10,2,0,16000,0
11960,960,35000,189,70000,30,269,5,4,10,1,11000,1
11961,961,77000,31,60000,7,311,2,8,2,0,11000,1
11962,962,50000,31,65000,9,208,0,2,11,0,0,0
11963,963,29000,51,55000,16,291,1,6,12,0,14000,1
11964,964,81000,62,70000,18,196,2,6,3,0,9000,0
11965,965,13000,83,55000,12,138,4,3,1,1,19000,1
11966,966,70000,32,50000,9,173,0,2,12,0,0,0
11967,967,54000,51,75000,9,275,6,9,0,1,7000,0
11968,968,72000,46,40000,12,271,1,7,2,0,19000,1
11969,969,14000,103,30000,22,318,1,11,4,1,22000,1
11970,970,20000,111,61000,29,201,6,5,11,0,14000,0
11971,971,20000,13,60000,4,125,0,3,0,0,0,0
11972,972,25000,40,55000,20,264,6,4,2,0,9000,0
11973,973,15000,21,45000,3,111,2,10,2,1,15000,0
11974,974,100000,90,60000,29,350,1,11,14,0,8500,0
11975,975,15000,85,61000,17,211,3,3,7,0,12000,1
11976,976,72000,51,60000,19,321,5,9,0,1,12000,0
11977,977,20000,43,40000,12,261,0,6,1,0,0,0
11978,978,23000,31,35000,9,259,4,7,4,0,19000,0
11979,979,12000,29,45000,7,183,1,10,2,0,16000,0
11980,980,35000,189,70000,30,269,5,4,10,1,11000,1
11981,981,77000,31,60000,7,311,2,8,2,0,11000,1
11982,982,50000,31,65000,9,208,0,2,11,0,0,0
11983,983,29000,51,55000,16,291,1,6,12,0,14000,1
11984,984,81000,62,70000,18,196,2,6,3,0,9000,0
11985,985,13000,83,55000,12,138,4,3,1,1,19000,1
11986,986,70000,32,50000,9,173,0,2,12,0,0,0
11987,987,54000,51,75000,9,275,6,9,0,1,7000,0
11988,988,72000,46,40000,12,271,1,7,2,0,19000,1
11989,989,14000,103,30000,22,318,1,11,4,1,22000,1
11990,990,20000,111,61000,29,201,6,5,11,0,14000,0
11991,991,20000,13,60000,4,125,0,3,0,0,0,0
11992,992,25000,40,55000,20,264,6,4,2,0,9000,0
11993,993,15000,21,45000,3,111,2,10,2,1,15000,0
11994,994,100000,90,60000,29,350,1,11,14,0,8500,0
11995,995,15000,85,61000,17,211,3,3,7,0,12000,1
11996,996,72000,51,60000,19,321,5,9,0,1,12000,0
11997,997,20000,43,40000,12,261,0,6,1,0,0,0
11998,998,23000,31,35000,9,259,4,7,4,0,19000,0
11999,999,12000,29,45000,7,183,1,10,2,0,16000,0
12000,1000,35000,189,70000,30,269,5,4,10,1,11000,1
12001,1001,77000,31,60000,7,311,2,8,2,0,11000,1
12002,1002,50000,31,65000,9,208,0,2,11,0,0,0
12003,1003,29000,51,55000,16,291,1,6,12,0,14000,1
12004,1004,81000,62,70000,18,196,2,6,3,0,9000,0
12005,1005,13000,83,55000,12,138,4,3,1,1,19000,1
12006,1006,70000,32,50000,9,173,0,2,12,0,0,0
12007,1007,54000,51,75000,9,275,6,9,0,1,7000,0
12008,1008,72000,46,40000,12,271,1,7,2,0,19000,1
12009,1009,14000,103,30000,22,318,1,11,4,1,22000,1
12010,1010,20000,111,61000,29,201,6,5,11,0,14000,0
12011,1011,20000,13,60000,4,125,0,3,0,0,0,0
12012,1012,25000,40,55000,20,264,6,4,2,0,9000,0
12013,1013,15000,21,45000,3,111,2,10,2,1,15000,0
12014,1014,100000,90,60000,29,350,1,11,14,0,8500,0
12015,1015,15000,85,61000,17,211,3,3,7,0,12000,1
12016,1016,72000,51,60000,19,321,5,9,0,1,12000,0
12017,1017,20000,43,40000,12,261,0,6,1,0,0,0
12018,1018,23000,31,35000,9,259,4,7,4,0,19000,0
12019,1019,12000,29,45000,7,183,1,10,2,0,16000,0
12020,1020,35000,189,70000,30,269,5,4,10,1,11000,1
12021,1021,77000,31,60000,7,311,2,8,2,0,11000,1
12022,1022,50000,31,65000,9,208,0,2,11,0,0,0
12023,1023,29000,51,55000,16,291,1,6,12,0,14000,1
12024,1024,81000,62,70000,18,196,2,6,3,0,9000,0
12025,1025,13000,83,55000,12,138,4,3,1,1,19000,1
12026,1026,70000,32,50000,9,173,0,2,12,0,0,0
12027,1027,54000,51,75000,9,275,6,9,0,1,7000,0
12028,1028,72000,46,40000,12,271,1,7,2,0,19000,1
12029,1029,14000,103,30000,22,318,1,11,4,1,22000,1
12030,1030,20000,111,61000,29,201,6,5,11,0,14000,0
12031,1031,20000,13,60000,4,125,0,3,0,0,0,0
12032,1032,25000,40,55000,20,264,6,4,2,0,9000,0
12033,1033,15000,21,45000,3,111,2,10,2,1,15000,0
12034,1034,100000,90,60000,29,350,1,11,14,0,8500,0
12035,1035,15000,85,61000,17,211,3,3,7,0,12000,1
12036,1036,72000,51,60000,19,321,5,9,0,1,12000,0
12037,1037,20000,43,40000,12,261,0,6,1,0,0,0
12038,1038,23000,31,35000,9,259,4,7,4,0,19000,0
12039,1039,12000,29,45000,7,183,1,10,2,0,16000,0
12040,1040,35000,189,70000,30,269,5,4,10,1,11000,1
12041,1041,77000,31,60000,7,311,2,8,2,0,11000,1
12042,1042,50000,31,65000,9,208,0,2,11,0,0,0
12043,1043,29000,51,55000,16,291,1,6,12,0,14000,1
12044,1044,81000,62,70000,18,196,2,6,3,0,9000,0
12045,1045,13000,83,55000,12,138,4,3,1,1,19000,1
12046,1046,70000,32,50000,9,173,0,2,12,0,0,0
12047,1047,54000,51,75000,9,275,6,9,0,1,7000,0
12048,1048,72000,46,40000,12,271,1,7,2,0,19000,1
12049,1049,14000,103,30000,22,318,1,11,4,1,22000,1
12050,1050,20000,111,61000,29,201,6,5,11,0,14000,0
12051,1051,20000,13,60000,4,125,0,3,0,0,0,0
12052,1052,25000,40,55000,20,264,6,4,2,0,9000,0
12053,1053,15000,21,45000,3,111,2,10,2,1,15000,0
12054,1054,100000,90,60000,29,350,1,11,14,0,8500,0
12055,1055,15000,85,61000,17,211,3,3,7,0,12000,1
12056,1056,72000,51,60000,19,321,5,9,0,1,12000,0
12057,1057,20000,43,40000,12,261,0,6,1,0,0,0
12058,1058,23000,31,35000,9,259,4,7,4,0,19000,0
12059,1059,12000,29,45000,7,183,1,10,2,0,16000,0
12060,1060,35000,189,70000,30,269,5,4,10,1,11000,1
12061,1061,77000,31,60000,7,311,2,8,2,0,11000,1
12062,1062,50000,31,65000,9,208,0,2,11,0,0,0
12063,1063,29000,51,55000,16,291,1,6,12,0,14000,1
12064,1064,81000,62,70000,18,196,2,6,3,0,9000,0
12065,1065,13000,83,55000,12,138,4,3,1,1,19000,1
12066,1066,70000,32,50000,9,173,0,2,12,0,0,0
12067,1067,54000,51,75000,9,275,6,9,0,1,7000,0
12068,1068,72000,46,40000,12,271,1,7,2,0,19000,1
12069,1069,14000,103,30000,22,318,1,11,4,1,22000,1
12070,1070,20000,111,61000,29,201,6,5,11,0,14000,0
12071,1071,20000,13,60000,4,125,0,3,0,0,0,0
12072,1072,25000,40,55000,20,264,6,4,2,0,9000,0
12073,1073,15000,21,45000,3,111,2,10,2,1,15000,0
12074,1074,100000,90,60000,29,350,1,11,14,0,8500,0
12075,1075,15000,85,61000,17,211,3,3,7,0,12000,1
12076,1076,72000,51,60000,19,321,5,9,0,1,12000,0
12077,1077,20000,43,40000,12,261,0,6,1,0,0,0
12078,1078,23000,31,35000,9,259,4,7,4,0,19000,0
12079,1079,12000,29,45000,7,183,1,10,2,0,16000,0
12080,1080,35000,189,70000,30,269,5,4,10,1,11000,1
12081,1081,77000,31,60000,7,311,2,8,2,0,11000,1
12082,1082,50000,31,65000,9,208,0,2,11,0,0,0
12083,1083,29000,51,55000,16,291,1,6,12,0,14000,1
12084,1084,81000,62,70000,18,196,2,6,3,0,9000,0
12085,1085,13000,83,55000,12,138,4,3,1,1,19000,1
12086,1086,70000,32,50000,9,173,0,2,12,0,0,0
12087,1087,54000,51,75000,9,275,6,9,0,1,7000,0
12088,1088,72000,46,40000,12,271,1,7,2,0,19000,1
12089,1089,14000,103,30000,22,318,1,11,4,1,22000,1
12090,1090,20000,111,61000,29,201,6,5,11,0,14000,0
12091,1091,20000,13,60000,4,125,0,3,0,0,0,0
12092,1092,25000,40,55000,20,264,6,4,2,0,9000,0
12093,1093,15000,21,45000,3,111,2,10,2,1,15000,0
12094,1094,100000,90,60000,29,350,1,11,14,0,8500,0
12095,1095,15000,85,61000,17,211,3,3,7,0,12000,1
12096,1096,72000,51,60000,19,321,5,9,0,1,12000,0
12097,1097,20000,43,40000,12,261,0,6,1,0,0,0
12098,1098,23000,31,35000,9,259,4,7,4,0,19000,0
12099,1099,12000,29,45000,7,183,1,10,2,0,16000,0
12100,1100,35000,189,70000,30,269,5,4,10,1,11000,1
12101,1101,77000,31,60000,7,311,2,8,2,0,11000,1
12102,1102,50000,31,65000,9,208,0,2,11,0,0,0
12103,1103,29000,51,55000,16,291,1,6,12,0,14000,1
12104,1104,81000,62,70000,18,196,2,6,3,0,9000,0
12105,1105,13000,83,55000,12,138,4,3,1,1,19000,1
12106,1106,70000,32,50000,9,173,0,2,12,0,0,0
12107,1107,54000,51,75000,9,275,6,9,0,1,7000,0
12108,1108,72000,46,40000,12,271,1,7,2,0,19000,1
12109,1109,14000,103,30000,22,318,1,11,4,1,22000,1
12110,1110,20000,111,61000,29,201,6,5,11,0,14000,0
12111,1111,20000,13,60000,4,125,0,3,0,0,0,0
12112,1112,25000,40,55000,20,264,6,4,2,0,9000,0
12113,1113,15000,21,45000,3,111,2,10,2,1,15000,0
12114,1114,100000,90,60000,29,350,1,11,14,0,8500,0
12115,1115,15000,85,61000,17,211,3,3,7,0,12000,1
12116,1116,72000,51,60000,19,321,5,9,0,1,12000,0
12117,1117,20000,43,40000,12,261,0,6,1,0,0,0
12118,1118,23000,31,35000,9,259,4,7,4,0,19000,0
12119,1119,12000,29,45000,7,183,1,10,2,0,16000,0
12120,1120,35000,189,70000,30,269,5,4,10,1,11000,1
